identifier,citation,title,doi,year,veg_ID,region,disturbance,response_category,ci_U,ci_D,ci_SE,ci_SD,ci_SQ,ci_SR,ci_overall
1,"Acácio, V., Dias, F. S., Catry, F. X., Rocha, M., & Moreira, F. (2017). Landscape dynamics in Mediterranean oak forests under global change: Understanding the role of anthropogenic and environmental drivers across forest types. Global Change Biology, 23(3), 1199–1217. https://doi.org/10.1111/gcb.13487",Landscape dynamics in Mediterranean oak forests under global change: understanding the role of anthropogenic and environmental drivers across forest types,10.1111/gcb.13487,2017,Mediterranean oak forest,Mediterranean Basin,"Drought, Anthropogenic",Diversity,6,5,3,3,4,1,11
2,"Aguadé, D., Poyatos, R., Rosas, T., & Martínez-Vilalta, J. (2015). Comparative Drought Responses of Quercus ilex L. and Pinus sylvestris L. in a Montane Forest Undergoing a Vegetation Shift. Forests, 6(8), Article 8. https://doi.org/10.3390/f6082505",Comparative Drought Responses of Quercus ilex L. and Pinus sylvestris L. in a Montane Forest Undergoing a Vegetation Shift,10.3390/f6082505,2015,Montane forest,Mediterranean Basin,Drought,"Growth, Physiology",4,8,1,5,5,1,12
3,"Alcaraz-Segura, D., Cabello, J., Paruelo, J. M., & Delibes, M. (2008). Trends in the surface vegetation dynamics of the national parks of Spain as observed by satellite sensors. Applied Vegetation Science, 11(4), 431–440. https://doi.org/10.3170/2008-7-18522",Trends in the surface vegetation dynamics of the national parks of Spain as observed by satellite sensors,10.3170/2008-7-18522,2008,"Deciduous forest, mixed coniferous forest, garrigue, maquis",Mediterranean Basin,"Anthropogenic, Climate variation",Physiology,6,10,3,7,5,1,16
4,"Alcázar, P., Torres, C., De Linares, C., González-Minero, F. J., Valenzuela, L. R., Picornell, A., & Galán, C. (2024). Impacts of climate change on airborne Quercus pollen trends in Andalusia region (southern Spain). Regional Environmental Change, 24(2), 50. https://doi.org/10.1007/s10113-023-02181-5",Impacts of climate change on airborne Quercus pollen trends in Andalusia region (southern Spain),10.1007/s10113-023-02181-5,2024,Coniferous forest and associated communities,Mediterranean Basin,Climatic variation,Phenology,9,7,6,3,6,1,16
5,"Andivia, E., Madrigal-González, J., Villar-Salvador, P., & Zavala, M. A. (2018). Do adult trees increase conspecific juvenile resilience to recurrent droughts? Implications for forest regeneration. Ecosphere, 9(6), e02282. https://doi.org/10.1002/ecs2.2282",Do adult trees increase conspecific juvenile resilience to recurrent droughts? Implications for forest regeneration,10.1002/ecs2.2282,2018,Mediterranean continental-climate open forest,Mediterranean Basin,Drought,Growth,10,9,6,5,7,1,19
6,"Archambeau, J., Ruiz-Benito, P., Ratcliffe, S., Fréjaville, T., Changenet, A., Muñoz Castañeda, J. M., Lehtonen, A., Dahlgren, J., Zavala, M. A., & Benito Garzón, M. (2020). Similar patterns of background mortality across Europe are mostly driven by drought in European beech and a combination of drought and competition in Scots pine. Agricultural and Forest Meteorology, 280, 107772. https://doi.org/10.1016/j.agrformet.2019.107772",Similar patterns of background mortality across Europe are mostly driven by drought in European beech and a combination of drought and competition in Scots pine,10.1016/j.agrformet.2019.107772,2020,Temperate forest; Boreal forest,Mediterranean Basin,Drought,"Condition, Growth",9,9,6,6,5,1,18
7,"Beloiu, M., Poursanidis, D., Tsakirakis, A., Chrysoulakis, N., Hoffmann, S., Lymberakis, P., Barnias, A., Kienle, D., & Beierkuhnlein, C. (2022). No treeline shift despite climate change over the last 70 years. Forest Ecosystems, 9, 100002. https://doi.org/10.1016/j.fecs.2022.100002",No treeline shift despite climate change over the last 70 years,10.1016/j.fecs.2022.100002,2022,Alpine forest,Mediterranean Basin,Climate variation,"Diversity, Growth",6,8,3,5,5,1,14
8,"Bertrand, R. (2019). Unequal contributions of species’ persistence and migration on plant communities’ response to climate warming throughout forests. Ecography, 42(1), 211–213. https://doi.org/10.1111/ecog.03591",Unequal contributions of species’ persistence and migration on plant communities’ response to climate warming throughout forests,10.1111/ecog.03591,2019,Multiple biomes,Mediterranean Basin,Climatic variation,Diversity,6,6,3,3,5,1,12
9,"Bigelow, S. W., Papaik, M. J., Caum, C., & North, M. P. (2014). Faster growth in warmer winters for large trees in a Mediterranean-climate ecosystem. Climatic Change, 123(2), 215–224. https://doi.org/10.1007/s10584-014-1060-0",Faster growth in warmer winters for large trees in a Mediterranean-climate ecosystem,10.1007/s10584-014-1060-0,2014,Mixed conifer forest,"California, USA",Climate variation,Growth,9,9,6,6,5,1,18
10,"Blanco-Rodríguez, M. Á., Ameztegui, A., Gelabert, P., Rodrigues, M., & Coll, L. (2023). Short-term recovery of post-fire vegetation is primarily limited by drought in Mediterranean forest ecosystems. Fire Ecology, 19(1), 68. https://doi.org/10.1186/s42408-023-00228-w",Short-term recovery of post-fire vegetation is primarily limited by drought in Mediterranean forest ecosystems,10.1186/s42408-023-00228-w,2023,Conifers and deciduous trees,Mediterranean Basin,Drought,Growth,10,8,6,5,6,1,18
11,"Brouwers, N. C., Mercer, J., Lyons, T., Poot, P., Veneklaas, E., & Hardy, G. (2013). Climate and landscape drivers of tree decline in a Mediterranean ecoregion. Ecology and Evolution, 3(1), 67–79. https://doi.org/10.1002/ece3.437",Climate and landscape drivers of tree decline in a Mediterranean ecoregion,10.1002/ece3.437,2013,Wandoo,SW Australia,Climate variation,Growth,5,7,2,3,6,1,12
12,"Brouwers, N., Matusick, G., Ruthrof, K., Lyons, T., & Hardy, G. (2013). Landscape-scale assessment of tree crown dieback following extreme drought and heat in a Mediterranean eucalypt forest ecosystem. Landscape Ecology, 28(1), 69–80. https://doi.org/10.1007/s10980-012-9815-3",Landscape-scale assessment of tree crown dieback following extreme drought and heat in a Mediterranean eucalypt forest ecosystem,10.1007/s10980-012-9815-3,2013,Northern Jarrah Forest,SW Australia,Drought,Condition,8,4,4,1,6,1,12
13,"Camarero, J. J., Franquesa, M., & Sangüesa-Barreda, G. (2015). Timing of Drought Triggers Distinct Growth Responses in Holm Oak: Implications to Predict Warming-Induced Forest Defoliation and Growth Decline. Forests, 6(5), Article 5. https://doi.org/10.3390/f6051576",Timing of Drought Triggers Distinct Growth Responses in Holm Oak: Implications to Predict Warming-Induced Forest Defoliation and Growth Decline,10.3390/f6051576,2015,Holm oak forest,Mediterranean Basin,Drought,"Condition, Growth, Physiology",8,6,5,3,5,1,14
14,"Camarero, J. J., Gazol, A., Sangüesa-Barreda, G., Oliva, J., & Vicente-Serrano, S. M. (2015). To die or not to die: Early warnings of tree dieback in response to a severe drought. Journal of Ecology, 103(1), 44–57. https://doi.org/10.1111/1365-2745.12295",To die or not to die: Early warnings of tree dieback in response to a severe drought,10.1111/1365-2745.12295,2015,Conifer forest,Mediterranean Basin,Drought,"Condition, Growth",10,9,6,6,6,1,19
15,"Caminero, L., Génova, M., Camarero, J. J., & Sánchez-Salguero, R. (2018). Growth responses to climate and drought at the southernmost European limit of Mediterranean Pinus pinaster forests. Dendrochronologia, 48, 20–29. https://doi.org/10.1016/j.dendro.2018.01.006",Growth responses to climate and drought at the southernmost European limit of Mediterranean Pinus pinaster forests,10.1016/j.dendro.2018.01.006,2018,Temperate coniferous forest,Mediterranean Basin,"Drought, Climatic variation",Growth,9,10,6,6,6,1,19
16,"Cardil, A., Vega-García, C., Ascoli, D., Molina-Terrén, D. M., Silva, C. A., & Rodrigues, M. (2019). How does drought impact burned area in Mediterranean vegetation communities? Science of The Total Environment, 693, 133603. https://doi.org/c",How does drought impact burned area in Mediterranean vegetation communities?,10.1016/j.scitotenv.2019.133603,2019,"Evergreen sclerophyllous-leaved shrublands, semi-deciduous scrub, pine stands, grasslands and woodlands",Mediterranean Basin,"Drought, Fire","Condition, Growth",6,8,3,4,6,1,14
17,"Carnicer, J., Coll, M., Ninyerola, M., Pons, X., Sánchez, G., & Peñuelas, J. (2011). Widespread crown condition decline, food web disruption, and amplified tree mortality with increased climate change-type drought. Proceedings of the National Academy of Sciences, 108(4), 1474–1478. https://doi.org/10.1073/pnas.1010070108","Widespread crown condition decline, food web disruption, and amplified tree mortality with increased climate change-type drought",10.1073/pnas.1010070108,2011,Temperate/mixed coniferous forest,Mediterranean Basin,Drought,"Condition, Growth",7,9,3,5,7,1,16
18,"Colangelo, M., Camarero, J. J., Gazol, A., Piovesan, G., Borghetti, M., Baliva, M., Gentilesca, T., Rita, A., Schettino, A., & Ripullone, F. (2021). Mediterranean old-growth forests exhibit resistance to climate warming. Science of The Total Environment, 801, 149684. https://doi.org/10.1016/j.scitotenv.2021.149684",Mediterranean old-growth forests exhibit resistance to climate warming,10.1016/j.scitotenv.2021.149684,2021,Mixed evergreen and deciduous forest,Mediterranean Basin,Climate warming,"Condition, Growth",8,10,5,6,6,1,18
19,"Cuena-Lombraña, A., Fois, M., Fenu, G., Cogoni, D., & Bacchetta, G. (2018). The impact of climatic variations on the reproductive success of Gentiana lutea L. in a Mediterranean mountain area. International Journal of Biometeorology, 62(7), 1283–1295. https://doi.org/10.1007/s00484-018-1533-3",The impact of climatic variations on the reproductive success of Gentiana lutea L. in a Mediterranean mountain area,10.1007/s00484-018-1533-3,2018,Alpine meadow/grassland,Mediterranean Basin,Climatic variation,Phenology,6,6,3,3,5,1,12
20,"de la Riva, E. G., Lloret, F., Pérez-Ramos, I. M., Marañón, T., Saura-Mas, S., Díaz-Delgado, R., & Villar, R. (2017). The importance of functional diversity in the stability of Mediterranean shrubland communities after the impact of extreme climatic events. Journal of Plant Ecology, 10(2), 281–293. https://doi.org/10.1093/jpe/rtw027",The importance of functional diversity in the stability of Mediterranean shrubland communities after the impact of extreme climatic events,10.1093/jpe/rtw027,2017,Monte blanco xeric shrubland,Mediterranean Basin,"Climatic variation, Drought","Growth, Phenology",9,6,6,2,6,1,15
21,"del Cacho, M., & Lloret, F. (2012). Resilience of Mediterranean shrubland to a severe drought episode: The role of seed bank and seedling emergence. Plant Biology, 14(3), 458–466. https://doi.org/10.1111/j.1438-8677.2011.00523.x",Resilience of Mediterranean shrubland to a severe drought episode: the role of seed bank and seedling emergence,10.1111/j.1438-8677.2011.00523.x,2012,Monte blanco xeric shrubland,Mediterranean Basin,Drought,"Condition, Growth",5,5,2,1,6,1,10
22,"Díaz-Borrego, R., Ángeles Pérez-Navarro, M., Jaime, L., Elvira, N. J., & Lloret, F. (2024). Climatic disequilibrium of recruit communities across a drought-induced die-off gradient in Mediterranean shrubland. Oikos, 2024(7), e10465. https://doi.org/10.1111/oik.10465",Climatic disequilibrium of recruit communities across a drought-induced die-off gradient in Mediterranean shrubland,10.1111/oik.10465,2024,Monte blanco,Mediterranean Basin,Drought,"Condition, Diversity, Phenology",9,5,6,1,6,1,14
23,"Dolanc, C. R., Thorne, J. H., & Safford, H. D. (2013). Widespread shifts in the demographic structure of subalpine forests in the Sierra Nevada, California, 1934 to 2007. Global Ecology and Biogeography, 22(3), 264–276. https://doi.org/10.1111/j.1466-8238.2011.00748.x","Widespread shifts in the demographic structure of subalpine forests in the Sierra Nevada, California, 1934 to 2007",10.1111/j.1466-8238.2011.00748.x,2013,Subalpine forest,"California, USA",Climatic variation,Growth,8,10,5,6,6,1,18
24,"Dong, C., MacDonald, G., Okin, G. S., & Gillespie, T. W. (2019). Quantifying Drought Sensitivity of Mediterranean Climate Vegetation to Recent Warming: A Case Study in Southern California. Remote Sensing, 11(24), Article 24. https://doi.org/10.3390/rs11242902",Quantifying Drought Sensitivity of Mediterranean Climate Vegetation to Recent Warming: A Case Study in Southern California,10.3390/rs11242902,2019,"Chaparral, coastal sage scrub, grassland, forest/woodland","California, USA","Climatic variation, Drought",Condition,7,6,4,3,5,1,13
25,"Evangelista, A., Frate, L., Carranza, M. L., Attorre, F., Pelino, G., & Stanisci, A. (2016). Changes in composition, ecology and structure of high-mountain vegetation: A re-visitation study over 42 years. AoB PLANTS, 8, plw004. https://doi.org/10.1093/aobpla/plw004","Changes in composition, ecology and structure of high-mountain vegetation: a re-visitation study over 42 years",10.1093/aobpla/plw004,2016,Alpine vegetation,Mediterranean Basin,Climatic variation,"Diversity, Growth",6,7,3,4,5,1,13
26,"Fernández Calzado, M. R., & Molero, J. (2013). Changes in the summit flora of a Mediterranean mountain (Sierra Nevada, Spain) as a possible effect of climate change. LAZAROA, 34(1), 65–75. https://doi.org/10.5209/rev_LAZA.2013.v34.n1.41523","Changes in the summit flora of a Mediterranean mountain (Sierra Nevada, Spain) as a possible effect of climate change",10.5209/rev_LAZA.2013.v34.n1.41523,2013,Alpine summit vegetation,Mediterranean Basin,Climatic variation,"Diversity, Growth",6,5,3,2,5,1,11
27,"Fettig, C. J., Mortenson, L. A., Bulaon, B. M., & Foulk, P. B. (2019). Tree mortality following drought in the central and southern Sierra Nevada, California, U.S. Forest Ecology and Management, 432, 164–178. https://doi.org/10.1016/j.foreco.2018.09.006","Tree mortality following drought in the central and southern Sierra Nevada, California, U.S.",10.1016/j.foreco.2018.09.006,2019,Mixed-conifer forest,"California, USA","Drought, Pathogen/Insect outbreak","Condition, Growth",3,5,3,3,2,0,8
28,"Forner, A., Aranda, I., Granier, A., & Valladares, F. (2014). Differential impact of the most extreme drought event over the last half century on growth and sap flow in two coexisting Mediterranean trees. Plant Ecology, 215(7), 703–719. https://doi.org/10.1007/s11258-014-0351-x",Differential impact of the most extreme drought event over the last half century on growth and sap flow in two coexisting Mediterranean trees,10.1007/s11258-014-0351-x,2014,Mediterranean forest,Mediterranean Basin,Drought,"Growth, Physiology",8,7,5,3,6,1,15
29,"Forner, A., Valladares, F., Bonal, D., Granier, A., Grossiord, C., & Aranda, I. (2018). Extreme droughts affecting Mediterranean tree species’ growth and water-use efficiency: The importance of timing. Tree Physiology, 38(8), 1127–1137. https://doi.org/10.1093/treephys/tpy022",Extreme droughts affecting Mediterranean tree species’ growth and water-use efficiency: the importance of timing,10.1093/treephys/tpy022,2018,Mediterranean forest,Mediterranean Basin,Drought,"Growth, Physiology",8,6,5,2,6,1,14
30,"Frate, L., Carranza, M. L., Evangelista, A., Stinca, A., Schaminée, J. H. J., & Stanisci, A. (2018). Climate and land use change impacts on Mediterranean high-mountain vegetation in the Apennines since the 1950s. Plant Ecology & Diversity, 11(1), 85–96. https://doi.org/10.1080/17550874.2018.1473521",Climate and land use change impacts on Mediterranean high-mountain vegetation in the Apennines since the 1950s,10.1080/17550874.2018.1473521,2018,Alpine vegetation,Mediterranean Basin,Climatic variation,Diversity,9,6,6,3,5,1,15
31,"Galiano, L., Martínez-Vilalta, J., Sabaté, S., & Lloret, F. (2012). Determinants of drought effects on crown condition and their relationship with depletion of carbon reserves in a Mediterranean holm oak forest. Tree Physiology, 32(4), 478–489. https://doi.org/10.1093/treephys/tps025",Determinants of drought effects on crown condition and their relationship with depletion of carbon reserves in a Mediterranean holm oak forest,10.1093/treephys/tps025,2012,Evergreen oak forest,Mediterranean Basin,Drought,"Condition, Growth",9,4,6,1,5,1,13
32,"Garcia-Fayos, P., Monleon, V. J., Espigares, T., Nicolau, J. M., & Bochet, E. (2020). Increasing aridity threatens the sexual regeneration of Quercus ilex(holm oak) in Mediterranean ecosystems. PLOS ONE, 15(10), e0239755. https://doi.org/10.1371/journal.pone.0239755",Increasing aridity threatens the sexual regeneration of Quercus ilex(holm oak) in Mediterranean ecosystems,10.1371/journal.pone.0239755,2020,Evergreen oak forest,Mediterranean Basin,"Climatic variation, ","Condition, Growth",9,6,5,2,7,1,15
33,"Garreaud, R. D., Alvarez-Garreton, C., Barichivich, J., Boisier, J. P., Christie, D., Galleguillos, M., LeQuesne, C., McPhee, J., & Zambrano-Bigiarini, M. (2017). The 2010–2015 megadrought in central Chile: Impacts on regional hydroclimate and vegetation. Hydrology and Earth System Sciences, 21(12), 6307–6327. https://doi.org/10.5194/hess-21-6307-2017",The 2010–2015 megadrought in central Chile: Impacts on regional hydroclimate and vegetation,10.5194/hess-21-6307-2017,2017,Varied,Central Chile,Drought,Growth,6,8,3,4,6,1,14
34,"Gazol, A., Camarero, J. J., Sangüesa-Barreda, G., Serra-Maluquer, X., Sánchez-Salguero, R., Coll, L., & Casals, P. (2020). Tree Species Are Differently Impacted by Cumulative Drought Stress and Present Higher Growth Synchrony in Dry Places. Frontiers in Forests and Global Change, 3. https://doi.org/10.3389/ffgc.2020.573346",Tree Species Are Differently Impacted by Cumulative Drought Stress and Present Higher Growth Synchrony in Dry Places,10.3389/ffgc.2020.573346,2020,Mixed temperate forest,Mediterranean Basin,Drought,"Condition, Growth",9,10,6,6,6,1,19
35,"Gea-Izquierdo, G., Cherubini, P., & Cañellas, I. (2011). Tree-rings reflect the impact of climate change on Quercus ilex L. along a temperature gradient in Spain over the last 100   years. Forest Ecology and Management, 262(9), 1807–1816. https://doi.org/10.1016/j.foreco.2011.07.025",Tree-rings reflect the impact of climate change on Quercus ilex L. along a temperature gradient in Spain over the last 100 years,10.1016/j.foreco.2011.07.025,2011,Temperate mixed forest,Mediterranean Basin,Climatic variation,Growth,9,7,6,3,6,1,16
36,"Gibson-Carpintero, S., Ocampo-Melgar, A., & Venegas-González, A. (2024). Diversity and growth patterns of woody species in the Mediterranean Coastal range of Chile: A case study in Altos de Cantillana. New Zealand Journal of Forestry Science, 54. https://doi.org/10.33494/nzjfs542024x318x",Diversity and growth patterns of woody species in the Mediterranean Coastal range of Chile: A case study in Altos de Cantillana,10.33494/nzjfs542024x318x,2024,"Hygrophilous forest, sclerophyllous forest, deciduous forest, thorny scrub",Central Chile,Drought,Growth,5,8,5,6,2,0,13
37,"Gimeno, T. E., Camarero, J. J., Granda, E., Pías, B., & Valladares, F. (2012). Enhanced growth of Juniperus thurifera under a warmer climate is explained by a positive carbon gain under cold and drought. Tree Physiology, 32(3), 326–336. https://doi.org/10.1093/treephys/tps011",Enhanced growth of Juniperus thurifera under a warmer climate is explained by a positive carbon gain under cold and drought,10.1093/treephys/tps011,2012,Open Juniper woodlands,Mediterranean Basin,"Climatic variation, Drought","Growth, Physiology",9,10,6,6,6,1,19
38,"Girard, F., Vennetier, M., Ouarmim, S., Caraglio, Y., & Misson, L. (2011). Polycyclism, a fundamental tree growth process, decline with recent climate change: The example of Pinus halepensis Mill. in Mediterranean France. Trees, 25(2), 311–322. https://doi.org/10.1007/s00468-010-0507-9","Polycyclism, a fundamental tree growth process, decline with recent climate change: the example of Pinus halepensis Mill. in Mediterranean France",10.1007/s00468-010-0507-9,2011,Mixed coniferous forest,Mediterranean Basin,"Climatic variation, Drought","Growth, Phenology",8,7,5,3,6,1,15
39,"González-De Vega, S., De las Heras, J., & Moya, D. (2018). Post-Fire Regeneration and Diversity Response to Burn Severity in Pinus halepensis Mill. Forests. Forests, 9(6), Article 6. https://doi.org/10.3390/f9060299",Post-Fire Regeneration and Diversity Response to Burn Severity in Pinus halepensis Mill. Forests,10.3390/f9060299,2018,Mixed coniferous forest,Mediterranean Basin,Fire,"Diversity, Growth",3,4,3,1,3,0,7
40,"González-Reyes, Á., Christie, D. A., Schneider-Valenzuela, I., Venegas-González, A., Muñoz, A. A., Hadad, M., Gipoulou-Zuñiga, T., Tapia-Marzan, V., Gibson-Carpintero, S., Santini-Junior, L., LeQuesne, C., & Villalba, R. (2024). Recent multispecies tree-growth decline reveals a severe aridity change in Mediterranean Chile. Environmental Research Letters, 19(6), 064046. https://doi.org/10.1088/1748-9326/ad4049",Recent multispecies tree-growth decline reveals a severe aridity change in Mediterranean Chile,10.1088/1748-9326/ad4049,2024,"Sclerophyllous trees and shrubs, deciduous forests",Central Chile,Climatic variation,Growth,0,9,0,7,2,0,9
41,"González-Zamora, Á., Almendra-Martín, L., de Luis, M., Gaona, J., & Martínez-Fernández, J. (2023). How Are Pine Species Responding to Soil Drought and Climate Change in the Iberian Peninsula? Forests, 14(8), Article 8. https://doi.org/10.3390/f14081530",How Are Pine Species Responding to Soil Drought and Climate Change in the Iberian Peninsula?,10.3390/f14081530,2023,Temperate coniferous forest,Mediterranean Basin,Drought,Growth,6,11,3,7,6,1,17
42,"Gordo, O., & Sanz, J. J. (2009). Long-term temporal changes of plant phenology in the Western Mediterranean. Global Change Biology, 15(8), 1930–1948. https://doi.org/10.1111/j.1365-2486.2009.01851.x",Long-term temporal changes of plant phenology in the Western Mediterranean,10.1111/j.1365-2486.2009.01851.x,2009,Unspecified. Whole of Spain. ,Mediterranean Basin,Climatic variation,"Growth, Phenology",3,8,3,6,2,0,11
43,"Gordo, O., & Sanz, J. J. (2010). Impact of climate change on plant phenology in Mediterranean ecosystems. Global Change Biology, 16(3), 1082–1106. https://doi.org/10.1111/j.1365-2486.2009.02084.x",Impact of climate change on plant phenology in Mediterranean ecosystems,10.1111/j.1365-2486.2009.02084.x,2010,Not specified,Mediterranean Basin,Climatic variation,"Growth, Phenology",6,10,3,6,6,1,16
44,"Goulden, M. L., & Bales, R. C. (2019). California forest die-off linked to multi-year deep soil drying in 2012–2015 drought. Nature Geoscience, 12(8), Article 8. https://doi.org/10.1038/s41561-019-0388-5",California forest die-off linked to multi-year deep soil drying in 2012–2015 drought,10.1038/s41561-019-0388-5,2019,Mixed-conifer forests,"California, USA",Drought,"Condition, Growth",7,8,4,4,6,1,15
45,"Gouveia, C. M., Trigo, R. M., Beguería, S., & Vicente-Serrano, S. M. (2017). Drought impacts on vegetation activity in the Mediterranean region: An assessment using remote sensing data and multi-scale drought indicators. Global and Planetary Change, 151, 15–27. https://doi.org/10.1016/j.gloplacha.2016.06.011",Drought impacts on vegetation activity in the Mediterranean region: An assessment using remote sensing data and multi-scale drought indicators,10.1016/j.gloplacha.2016.06.011,2017,[Multiple],Mediterranean Basin,Drought,Growth,7,9,4,5,6,1,16
46,"Granda, E., Alla, A. Q., Laskurain, N. A., Loidi, J., Sánchez-Lorenzo, A., & Camarero, J. J. (2018). Coexisting oak species, including rear-edge populations, buffer climate stress through xylem adjustments. Tree Physiology, 38(2), 159–172. https://doi.org/10.1093/treephys/tpx157","Coexisting oak species, including rear-edge populations, buffer climate stress through xylem adjustments",10.1093/treephys/tpx157,2018,Mediterranean oak forest,Mediterranean Basin,Climatic variation,Growth,9,10,6,6,6,1,19
48,"Herrero, A., & Zamora, R. (2014). Plant Responses to Extreme Climatic Events: A Field Test of Resilience Capacity at the Southern Range Edge. PLOS ONE, 9(1), e87842. https://doi.org/10.1371/journal.pone.0087842",Plant Responses to Extreme Climatic Events: A Field Test of Resilience Capacity at the Southern Range Edge,10.1371/journal.pone.0087842,2014,Mixed forest,Mediterranean Basin,Drought,"Growth, Physiology",8,5,5,1,6,1,13
49,"Hope, A., Fouad, G., & Granovskaya, Y. (2014). Evaluating drought response of Southern Cape Indigenous Forests, South Africa, using MODIS data. International Journal of Remote Sensing, 35(13), 4852–4864. https://doi.org/10.1080/01431161.2014.930205","Evaluating drought response of Southern Cape Indigenous Forests, South Africa, using MODIS data",10.1080/01431161.2014.930205,2014,Afromontane forest,"CFR, South Africa",Drought,Growth,5,7,5,4,3,0,12
50,"Huang, Y., Jin, Y., Schwartz, M. W., & Thorne, J. H. (2020). Intensified burn severity in California’s northern coastal mountains by drier climatic condition. Environmental Research Letters, 15(10), 104033. https://doi.org/10.1088/1748-9326/aba6af",Intensified burn severity in California’s northern coastal mountains by drier climatic condition,10.1088/1748-9326/aba6af,2020,Californian lowland shrubland and hardwood woodland; higher altitude hardwood and conifer forests,"California, USA","Drought, Fire",Condition,7,9,3,5,7,1,16
51,"Iacopetti, G., Bussotti, F., Carrari, E., Martini, S., & Selvi, F. (2021). Understorey changes after an extreme drought event are modulated by overstorey tree species mixtures in thermophilous deciduous forests. Forest Ecology and Management, 484, 118931. https://doi.org/10.1016/j.foreco.2021.118931",Understorey changes after an extreme drought event are modulated by overstorey tree species mixtures in thermophilous deciduous forests,10.1016/j.foreco.2021.118931,2021,Thermophilous deciduous forest,Mediterranean Basin,Drought,"Diversity, Growth",5,6,3,2,6,0,11
52,"Kazakis, G., Ghosn, D., Remoundou, I., Nyktas, P., Talias, M. A., & Vogiatzakis, I. N. (2021). Altitudinal Vascular Plant Richness and Climate Change in the Alpine Zone of the Lefka Ori, Crete. Diversity, 13(1), Article 1. https://doi.org/10.3390/d13010022","Altitudinal Vascular Plant Richness and Climate Change in the Alpine Zone of the Lefka Ori, Crete",10.3390/d13010022,2021,Low/dwarf scrubland,Mediterranean Basin,Climatic variation,Diversity,6,6,3,2,6,1,12
53,"Khoury, S., & Coomes, D. A. (2020). Resilience of Spanish forests to recent droughts and climate change. Global Change Biology, 26(12), 7079–7098. https://doi.org/10.1111/gcb.15268",Resilience of Spanish forests to recent droughts and climate change,10.1111/gcb.15268,2020,Mixed broadleaf and conifer forest,Mediterranean Basin,"Climatic variation, Drought","Condition, Growth, Physiology",8,8,5,4,6,1,16
54,"Lamprecht, A., Pauli, H., Fernández Calzado, M. R., Lorite, J., Molero Mesa, J., Steinbauer, K., & Winkler, M. (2021). Changes in plant diversity in a water-limited and isolated high-mountain range (Sierra Nevada, Spain). Alpine Botany, 131(1), 27–39. https://doi.org/10.1007/s00035-021-00246-x","Changes in plant diversity in a water-limited and isolated high-mountain range (Sierra Nevada, Spain)",10.1007/s00035-021-00246-x,2021,Alpine summit vegetation,Mediterranean Basin,Climatic variation,"Diversity, Growth",7,7,4,3,6,1,14
55,"Lázaro-Nogal, A., Forner, A., Traveset, A., & Valladares, F. (2013). Contrasting water strategies of two Mediterranean shrubs of limited distribution: Uncertain future under a drier climate. Tree Physiology, 33(12), 1284–1295. https://doi.org/10.1093/treephys/tpt103",Contrasting water strategies of two Mediterranean shrubs of limited distribution: uncertain future under a drier climate,10.1093/treephys/tpt103,2013,"Holm oak forest, coastal maquis",Mediterranean Basin,"Climatic variation, Drought","Growth, Phenology",9,6,6,2,6,1,15
56,"Lempereur, M., Limousin, J.-M., Guibal, F., Ourcival, J.-M., Rambal, S., Ruffault, J., & Mouillot, F. (2017). Recent climate hiatus revealed dual control by temperature and drought on the stem growth of Mediterranean Quercus ilex. Global Change Biology, 23(1), 42–55. https://doi.org/10.1111/gcb.13495",Recent climate hiatus revealed dual control by temperature and drought on the stem growth of Mediterranean Quercus ilex,10.1111/gcb.13495,2017,Mediterranean oak forest,Mediterranean Basin,"Climatic variation, Drought",Growth,6,7,3,4,5,1,13
57,"Lenoir, J., Gégout, J.-C., Pierrat, J.-C., Bontemps, J.-D., & Dhôte, J.-F. (2009). Differences between tree species seedling and adult altitudinal distribution in mountain forests during the recent warm period (1986–2006). Ecography, 32(5), 765–777. https://doi.org/10.1111/j.1600-0587.2009.05791.x",Differences between tree species seedling and adult altitudinal distribution in mountain forests during the recent warm period (1986–2006),10.1111/j.1600-0587.2009.05791.x,2009,French mountain forests,Mediterranean Basin,Climatic variation,"Diversity, Growth",6,6,6,3,3,0,12
58,"Linares, J. C., & Tíscar, P. A. (2011). Buffered climate change effects in a Mediterranean pine species: Range limit implications from a tree-ring study. Oecologia, 167(3), 847–859. https://doi.org/10.1007/s00442-011-2012-2",Buffered climate change effects in a Mediterranean pine species: range limit implications from a tree-ring study,10.1007/s00442-011-2012-2,2011,Mixed pine forest,Mediterranean Basin,Climatic variation,Growth,9,10,6,6,6,1,19
59,"Lloret, F., & Granzow-de la Cerda, I. (2013). Plant competition and facilitation after extreme drought episodes in mediterranean shrubland: Does damage to vegetation cover trigger replacement by juniper woodland? Journal of Vegetation Science, 24(6), 1020–1032. https://doi.org/10.1111/jvs.12030",Plant competition and facilitation after extreme drought episodes in mediterranean shrubland: Does damage to vegetation cover trigger replacement by juniper woodland?,10.1111/jvs.12030,2013,Monte blanco shrubland,Mediterranean Basin,Drought,"Condition, Growth",4,4,4,2,2,0,8
60,"Lloret, F., de la Riva, E. G., Pérez-Ramos, I. M., Marañón, T., Saura-Mas, S., Díaz-Delgado, R., & Villar, R. (2016). Climatic events inducing die-off in Mediterranean shrublands: Are species’ responses related to their functional traits? Oecologia, 180(4), 961–973. https://doi.org/10.1007/s00442-016-3550-4", Climatic events inducing die-off in Mediterranean shrublands: Are species’ responses related to their functional traits?,10.1007/s00442-016-3550-4,2016,Monte blanco shrubland,Mediterranean Basin,Drought,Growth,6,4,6,1,3,0,10
61,"Lloret, F., Lobo, A., Estevan, H., Maisongrande, P., Vayreda, J., & Terradas, J. (2007). Woody Plant Richness and NDVI Response to Drought Events in Catalonian (northeastern Spain) Forests. Ecology, 88(9), 2270–2279. https://doi.org/10.1890/06-1195.1",Woody Plant Richness and NDVI Response to Drought Events in Catalonian (northeastern Spain) Forests,10.1890/06-1195.1,2007,Mixed forest,Mediterranean Basin,Drought,"Diversity, Growth",9,8,6,4,6,1,17
62,"Lloret, F., Sapes, G., Rosas, T., Galiano, L., Saura-Mas, S., Sala, A., & Martínez-Vilalta, J. (2018). Non-structural carbohydrate dynamics associated with drought-induced die-off in woody species of a shrubland community. Annals of Botany, 121(7), 1383–1396. https://doi.org/10.1093/aob/mcy039",Non-structural carbohydrate dynamics associated with drought-induced die-off in woody species of a shrubland community,10.1093/aob/mcy039,2018,Open continental–Mediterranean shrubland,Mediterranean Basin,Drought,"Growth, Physiology",5,4,5,1,3,0,9
63,"Lloret, F., Siscart, D., & Dalmases, C. (2004). Canopy recovery after drought dieback in holm-oak Mediterranean forests of Catalonia (NE Spain). Global Change Biology, 10(12), 2092–2099. https://doi.org/10.1111/j.1365-2486.2004.00870.x",Canopy recovery after drought dieback in holm-oak Mediterranean forests of Catalonia (NE Spain),10.1111/j.1365-2486.2004.00870.x,2004,Mediterranean forest,Mediterranean Basin,Drought,"Condition, Growth",3,4,3,2,2,0,7
64,"Mahdizadeh, M., & Russell, W. (2021). Initial Floristic Response to High Severity Wildfire in an Old-Growth Coast Redwood (Sequoia sempervirens (D. Don) Endl.) Forest. Forests, 12(8), Article 8. https://doi.org/10.3390/f12081135",Initial Floristic Response to High Severity Wildfire in an Old-Growth Coast Redwood (Sequoia sempervirens (D. Don) Endl.) Forest,10.3390/f12081135,2021,Old-Growth Coast Redwood forest,"California, USA",Fire,Growth,3,3,3,1,2,0,6
65,"Maturano-Ruiz, A., Ruiz-Yanetti, S., Manrique-Alba, À., Moutahir, H., Chirino, E., Vilagrosa, A., & Bellot, J. F. (2023). The main factors that drive plant dieback under extreme drought differ among Mediterranean shrubland plant biotypes. Journal of Vegetation Science, 34(2), e13187. https://doi.org/10.1111/jvs.13187",The main factors that drive plant dieback under extreme drought differ among Mediterranean shrubland plant biotypes,10.1111/jvs.13187,2023,Mediterranean shrubland,Mediterranean Basin,Drought,Growth,6,6,3,2,6,1,12
66,"Matusick, G., Ruthrof, K. X., Brouwers, N. C., & Hardy, G. S. (2014). Topography influences the distribution of autumn frost damage on trees in a Mediterranean-type Eucalyptus forest. Trees, 28(5), 1449–1462. https://doi.org/10.1007/s00468-014-1048-4",Topography influences the distribution of autumn frost damage on trees in a Mediterranean-type Eucalyptus forest,10.1007/s00468-014-1048-4,2014,"Northern Jarrah Forest (NJF), broadleaved evergreen Mediterranean-type forest",SW Australia,Frost,Condition,4,4,4,1,3,0,8
67,"Matusick, G., Ruthrof, K. X., Brouwers, N. C., Dell, B., & Hardy, G. St. J. (2013). Sudden forest canopy collapse corresponding with extreme drought and heat in a mediterranean-type eucalypt forest in southwestern Australia. European Journal of Forest Research, 132(3), 497–510. https://doi.org/10.1007/s10342-013-0690-5",Sudden forest canopy collapse corresponding with extreme drought and heat in a mediterranean-type eucalypt forest in southwestern Australia,10.1007/s10342-013-0690-5,2013,Northern Jarrah Forest (NJF),SW Australia,Drought,"Condition, Growth",7,6,4,2,6,1,13
68,"Matusick, G., Ruthrof, K. X., Fontaine, J. B., & Hardy, G. E. St. J. (2016). Eucalyptus forest shows low structural resistance and resilience to climate change-type drought. Journal of Vegetation Science, 27(3), 493–503. https://doi.org/10.1111/jvs.12378",Eucalyptus forest shows low structural resistance and resilience to climate change-type drought,10.1111/jvs.12378,2016,Northern Jarrah Forest (NJF),SW Australia,Drought,"Condition, Growth",4,6,4,2,4,0,10
69,"Matusick, G., Ruthrof, K. X., Pitman, J., & Hardy, G. E. S. J. (2016). Feeling the cold in a warming climate: Differential effects of low temperatures on co-occurring eucalypts. Australian Journal of Botany, 64(5), 456–466. https://doi.org/10.1071/BT16064",Feeling the cold in a warming climate: Differential effects of low temperatures on co-occurring eucalypts,10.1071/BT16064,2016,"Northern Jarrah Forest (NJF), a broadleaved evergreen Mediterranean-type forest",SW Australia,Frost,Condition,8,6,5,2,6,1,14
70,"McIntyre, P. J., Thorne, J. H., Dolanc, C. R., Flint, A. L., Flint, L. E., Kelly, M., & Ackerly, D. D. (2015). Twentieth-century shifts in forest structure in California: Denser forests, smaller trees, and increased dominance of oaks. Proceedings of the National Academy of Sciences, 112(5), 1458–1463. https://doi.org/10.1073/pnas.1410186112","Twentieth-century shifts in forest structure in California: Denser forests, smaller trees, and increased dominance of oaks",10.1073/pnas.1410186112,2015,Mixed coniferous forest,"California, USA",Drought,Growth,10,10,6,6,7,1,20
71,"Miranda, A., Lara, A., Altamirano, A., Di Bella, C., González, M. E., & Julio Camarero, J. (2020). Forest browning trends in response to drought in a highly threatened mediterranean landscape of South America. Ecological Indicators, 115, 106401. https://doi.org/10.1016/j.ecolind.2020.106401",Forest browning trends in response to drought in a highly threatened mediterranean landscape of South America,10.1016/j.ecolind.2020.106401,2020,Coastal and Andean Mediterranean sclerophyllous forest,Central Chile,Drought,"Condition, Growth",8,9,5,5,6,1,17
72,"Moran, E. V., Das, A. J., Keeley, J. E., & Stephenson, N. L. (2019). Negative impacts of summer heat on Sierra Nevada tree seedlings. Ecosphere, 10(6), e02776. https://doi.org/10.1002/ecs2.2776",Negative impacts of summer heat on Sierra Nevada tree seedlings,10.1002/ecs2.2776,2019,Mixed conifer forest,"California, USA",Fire,"Condition, Growth, Phenology",10,8,6,4,7,1,18
73,"Moreno-de-las-Heras, M., Bochet, E., Vicente-Serrano, S. M., Espigares, T., Molina, M. J., Monleón, V., Nicolau, J. M., Tormo, J., & García-Fayos, P. (2023). Drought conditions, aridity and forest structure control the responses of Iberian holm oak woodlands to extreme droughts: A large-scale remote-sensing exploration in eastern Spain. Science of The Total Environment, 901, 165887. https://doi.org/10.1016/j.scitotenv.2023.165887","Drought conditions, aridity and forest structure control the responses of Iberian holm oak woodlands to extreme droughts: A large-scale remote-sensing exploration in eastern Spain",10.1016/j.scitotenv.2023.165887,2023,Holm oak woodlands,Mediterranean Basin,Drought,Growth,9,9,6,5,6,1,18
74,"Moreno-Fernández, D., Rubio-Cuadrado, Á., Oliveira, N., Hernández Mateo, L., Alberdi, I., Adame, P., & Cañellas, I. (2024). Divergent spatio-temporal tree growth trends in Pinus pinaster Ait. In South-Western European forests. Science of The Total Environment, 935, 173465. https://doi.org/10.1016/j.scitotenv.2024.173465",Divergent spatio-temporal tree growth trends in Pinus pinaster Ait. In South-Western European forests,10.1016/j.scitotenv.2024.173465,2024,Temperate coniferous forest,Mediterranean Basin,Climatic variation,"Diversity, Growth",8,9,5,5,6,1,17
75,"Natalini, F., Alejano, R., Vázquez-Piqué, J., Cañellas, I., & Gea-Izquierdo, G. (2016). The role of climate change in the widespread mortality of holm oak in open woodlands of Southwestern Spain. Dendrochronologia, 38, 51–60. https://doi.org/10.1016/j.dendro.2016.03.003",The role of climate change in the widespread mortality of holm oak in open woodlands of Southwestern Spain,10.1016/j.dendro.2016.03.003,2016,Oak open-woodlands,Mediterranean Basin,Climatic variation,"Condition, Growth",6,11,3,7,6,1,17
76,"Navarro-Cerrillo, R. M., González-Moreno, P., Ruiz-Gómez, F. J., Sánchez-Cuesta, R., Gazol, A., & Camarero, J. J. (2022). Drought stress and pests increase defoliation and mortality rates in vulnerable Abies pinsapo forests. Forest Ecology and Management, 504, 119824. https://doi.org/10.1016/j.foreco.2021.119824",Drought stress and pests increase defoliation and mortality rates in vulnerable Abies pinsapo forests,10.1016/j.foreco.2021.119824,2022,Spanish fir forests,Mediterranean Basin,"Drought, Pathogen/Insect outbreak","Condition, Growth",8,9,4,5,7,1,17
77,"Navarro-Cerrillo, R. M., Sarmoum, M., Gazol, A., Abdoun, F., & Camarero, J. J. (2019). The decline of Algerian Cedrus atlantica forests is driven by a climate shift towards drier conditions. Dendrochronologia, 55, 60–70. https://doi.org/10.1016/j.dendro.2019.04.003",The decline of Algerian Cedrus atlantica forests is driven by a climate shift towards drier conditions,10.1016/j.dendro.2019.04.003,2019,Mixed evergreen forest,Mediterranean Basin,Climatic variation,Growth,8,11,5,7,6,1,19
78,"Neumann, M., Mues, V., Moreno, A., Hasenauer, H., & Seidl, R. (2017). Climate variability drives recent tree mortality in Europe. Global Change Biology, 23(11), 4788–4797. https://doi.org/10.1111/gcb.13724",Climate variability drives recent tree mortality in Europe,10.1111/gcb.13724,2017,Mixed European forest,Mediterranean Basin,Climate variation/variability,"Condition, Growth",8,7,5,5,4,1,15
79,"Okin, G. S., Dong, C., Willis, K. S., Gillespie, T. W., & MacDonald, G. M. (2018). The Impact of Drought on Native Southern California Vegetation: Remote Sensing Analysis Using MODIS-Derived Time Series. Journal of Geophysical Research: Biogeosciences, 123(6), 1927–1939. https://doi.org/10.1029/2018JG004485",The Impact of Drought on Native Southern California Vegetation: Remote Sensing Analysis Using MODIS-Derived Time Series,10.1029/2018JG004485,2018,Chaparral and coastal sage scrub (CSS),"California, USA",Drought,"Condition, Physiology",9,9,6,5,6,1,18
80,"Paniw, M., de la Riva, E. G., & Lloret, F. (2021). Demographic traits improve predictions of spatiotemporal changes in community resilience to drought. Journal of Ecology, 109(9), 3233–3245. https://doi.org/10.1111/1365-2745.13597",Demographic traits improve predictions of spatiotemporal changes in community resilience to drought,10.1111/1365-2745.13597,2021,Monte blanco shrubland,Mediterranean Basin,Drought,"Condition, Growth, Phenology, Physiology",5,5,4,2,4,0,10
81,"Pareja-Bonilla, D., Arista, M., Morellato, L. P. C., & Ortiz, P. L. (2023). Better soon than never: Climate change induces strong phenological reassembly in the flowering of a Mediterranean shrub community. Annals of Botany, mcad193. https://doi.org/10.1093/aob/mcad193",Better soon than never: Climate change induces strong phenological reassembly in the flowering of a Mediterranean shrub community,10.1093/aob/mcad193,2023,Mixed scrub and grassland,Mediterranean Basin,Climatic variation,Phenology,7,8,4,4,6,1,15
82,"Pauli, H., Gottfried, M., Dullinger, S., Abdaladze, O., Akhalkatsi, M., Alonso, J. L. B., Coldea, G., Dick, J., Erschbamer, B., Calzado, R. F., Ghosn, D., Holten, J. I., Kanka, R., Kazakis, G., Kollár, J., Larsson, P., Moiseev, P., Moiseev, D., Molau, U., … Grabherr, G. (2012). Recent Plant Diversity Changes on Europe’s Mountain Summits. Science, 336(6079), 353–355. https://doi.org/10.1126/science.1219033",Recent Plant Diversity Changes on Europe’s Mountain Summits,10.1126/science.1219033,2012,Temperate alpine vegetation,Mediterranean Basin,Climatic variation,Diversity,5,6,5,3,3,0,11
83,"Peguero-Pina, J. J., Sancho-Knapik, D., Martín, P., Saz, M. Á., Gea-Izquierdo, G., Cañellas, I., & Gil-Pelegrín, E. (2015). Evidence of vulnerability segmentation in a deciduous Mediterranean oak (Quercus subpyrenaica E. H. del Villar). Trees, 29(6), 1917–1927. https://doi.org/10.1007/s00468-015-1273-5",Evidence of vulnerability segmentation in a deciduous Mediterranean oak (Quercus subpyrenaica E. H. del Villar),10.1007/s00468-015-1273-5,2015,Mixed oak woodland,Mediterranean Basin,Climatic variation,"Condition, Growth, Physiology",7,6,6,2,5,0,13
84,"Peñuelas, J., & Boada, M. (2003). A global change-induced biome shift in the Montseny mountains (NE Spain). Global Change Biology, 9(2), 131–140. https://doi.org/10.1046/j.1365-2486.2003.00566.x",A global change-induced biome shift in the Montseny mountains (NE Spain),10.1046/j.1365-2486.2003.00566.x,2003,Beech forest and calluna heath,Mediterranean Basin,Climatic variation,"Condition, Growth",6,8,6,6,2,0,14
85,"Peñuelas, J., Fernández-Martínez, M., Vallicrosa, H., Maspons, J., Zuccarini, P., Carnicer, J., Sanders, T. G. M., Krüger, I., Obersteiner, M., Janssens, I. A., Ciais, P., & Sardans, J. (2020). Increasing atmospheric CO2 concentrations correlate with declining nutritional status of European forests. Communications Biology, 3(1), Article 1. https://doi.org/10.1038/s42003-020-0839-y",Increasing atmospheric CO2 concentrations correlate with declining nutritional status of European forests,10.1038/s42003-020-0839-y,2020,Mixed European forests,Mediterranean Basin,"Climatic variation, Increasing atmospheric CO2 concentrations","Growth, Physiology",7,8,4,5,5,1,15
86,"Peñuelas, J., Ogaya, R., Boada, M., & S. Jump, A. (2007). Migration, invasion and decline: Changes in recruitment and forest structure in a warming-linked shift of European beech forest in Catalonia (NE Spain). Ecography, 30(6), 829–837. https://doi.org/10.1111/j.2007.0906-7590.05247.x","Migration, invasion and decline: Changes in recruitment and forest structure in a warming-linked shift of European beech forest in Catalonia (NE Spain)",10.1111/j.2007.0906-7590.05247.x,2007,European beech Fagus sylvatica forests,Mediterranean Basin,"Climatic variation, Anthropogenic","Diversity, Growth",6,5,6,2,3,0,11
87,"Pérez-Luque, A. J., Gea-Izquierdo, G., & Zamora, R. (2021). Land-Use Legacies and Climate Change as a Double Challenge to Oak Forest Resilience: Mismatches of Geographical and Ecological Rear Edges. Ecosystems, 24(4), 755–773. https://doi.org/10.1007/s10021-020-00547-y",Land-Use Legacies and Climate Change as a Double Challenge to Oak Forest Resilience: Mismatches of Geographical and Ecological Rear Edges,10.1007/s10021-020-00547-y,2021,Temperate coniferous forest,Mediterranean Basin,Drought,Growth,10,8,6,4,7,1,18
88,"Perez-Navarro, M. A., Lloret, F., Molina-Venegas, R., Alcántara, J. M., & Verdú, M. (2024). Plant canopies promote climatic disequilibrium in Mediterranean recruit communities. Ecology Letters, 27(2), e14391. https://doi.org/10.1111/ele.14391",Plant canopies promote climatic disequilibrium in Mediterranean recruit communities,10.1111/ele.14391,2024,"Mediterranean dwarf shrublands in high-elevation localities; 
Pinus and Quercus mixed forests in mid altitudes; 
summer deciduous shrublands dominated by Cistaceae and Lamiaceae species in the most arid localities",Mediterranean Basin,Climatic variation,Phenology,8,7,5,3,6,1,15
89,"Pérez-Navarro, M. Á., Serra-Diaz, J. M., Svenning, J.-C., Esteve-Selma, M. Á., Hernández-Bastida, J., & Lloret, F. (2021). Extreme drought reduces climatic disequilibrium in dryland plant communities. Oikos, 130(5), 680–690. https://doi.org/10.1111/oik.07882",Extreme drought reduces climatic disequilibrium in dryland plant communities,10.1111/oik.07882,2021,Mediterranean semiarid shrubland,Mediterranean Basin,Drought,"Condition, Growth",9,5,6,2,5,1,14
90,"Pezner, A. K., Pivovaroff, A. L., Sun, W., Sharifi, M. R., Rundel, P. W., & Seibt, U. (2020). Plant Functional Traits Predict the Drought Response of Native California Plant Species. International Journal of Plant Sciences, 181(2), 256–265. https://doi.org/10.1086/706451",Plant Functional Traits Predict the Drought Response of Native California Plant Species,10.1086/706451,2020,Chaparral and coastal sage scrub,"California, USA",Drought,Physiology,6,5,6,2,3,0,11
91,"Pilaš, I., Medved, I., Medak, J., & Medak, D. (2014). Response strategies of the main forest types to climatic anomalies across Croatian biogeographic regions inferred from FAPAR remote sensing data. Forest Ecology and Management, 326, 58–78. https://doi.org/10.1016/j.foreco.2014.04.012",Response strategies of the main forest types to climatic anomalies across Croatian biogeographic regions inferred from FAPAR remote sensing data,10.1016/j.foreco.2014.04.012,2014,Mixed forest -- Delineated into 11 forest types (bioclimates) -- see Table 3 in the paper,Mediterranean Basin,Climatic variation,"Growth, Physiology",3,6,3,3,3,0,9
92,"Pollastrini, M., Puletti, N., Selvi, F., Iacopetti, G., & Bussotti, F. (2019). Widespread Crown Defoliation After a Drought and Heat Wave in the Forests of Tuscany (Central Italy) and Their Recovery—A Case Study From Summer 2017. Frontiers in Forests and Global Change, 2. https://www.frontiersin.org/articles/10.3389/ffgc.2019.00074",Widespread Crown Defoliation After a Drought and Heat Wave in the Forests of Tuscany (Central Italy) and Their Recovery—A Case Study From Summer 2017,10.3389/ffgc.2019.00074,2019,Mediterranean mixed forest,Mediterranean Basin,Drought,"Condition, Growth",3,4,3,1,3,0,7
93,"Proutsos, N., & Tigkas, D. (2020). Growth Response of Endemic Black Pine Trees to Meteorological Variations and Drought Episodes in a Mediterranean Region. Atmosphere, 11(6), Article 6. https://doi.org/10.3390/atmos11060554",Growth Response of Endemic Black Pine Trees to Meteorological Variations and Drought Episodes in a Mediterranean Region,10.3390/atmos11060554,2020,Coniferous forest,Mediterranean Basin,"Climatic variation, Drought",Growth,6,9,3,5,6,1,15
94,"Puchi, P. F., Dalmonech, D., Vangi, E., Battipaglia, G., Tognetti, R., & Collalti, A. (2024). Contrasting patterns of water use efficiency and annual radial growth among European beech forests along the Italian peninsula. Scientific Reports, 14(1), 6526. https://doi.org/10.1038/s41598-024-57293-7",Contrasting patterns of water use efficiency and annual radial growth among European beech forests along the Italian peninsula,10.1038/s41598-024-57293-7,2024,Deciduous forest,Mediterranean Basin,"Climatic variation, Drought",Growth,8,9,5,6,5,1,17
95,"Recio, M., Picornell, A., Trigo, M. M., Gharbi, D., García-Sánchez, J., & Cabezudo, B. (2018). Intensity and temporality of airborne Quercus pollen in the southwest Mediterranean area: Correlation with meteorological and phenoclimatic variables, trends and possible adaptation to climate change. Agricultural and Forest Meteorology, 250–251, 308–318. https://doi.org/10.1016/j.agrformet.2017.11.028","Intensity and temporality of airborne Quercus pollen in the southwest Mediterranean area: Correlation with meteorological and phenoclimatic variables, trends and possible adaptation to climate change",10.1016/j.agrformet.2017.11.028,2018,Oak-dominated vegetation (sampling is not on plants but on airborne pollen),Mediterranean Basin,Climatic variation,Growth,3,8,0,5,5,1,11
96,"Rita, A., Camarero, J. J., Nolè, A., Borghetti, M., Brunetti, M., Pergola, N., Serio, C., Vicente-Serrano, S. M., Tramutoli, V., & Ripullone, F. (2020). The impact of drought spells on forests depends on site conditions: The case of 2017 summer heat wave in southern Europe. Global Change Biology, 26(2), 851–863. https://doi.org/10.1111/gcb.14825",The impact of drought spells on forests depends on site conditions: The case of 2017 summer heat wave in southern Europe,10.1111/gcb.14825,2020,"Broad‐leaved forests, Coniferous forests, Mixed forests",Mediterranean Basin,Drought,Physiology,9,9,6,5,6,1,18
97,"Rudley, D., DeSoto, L., Rodríguez-Echeverría, S., & Nabais, C. (2023). Climate effect on the growth and hydraulic traits of two shrubs from the top of a Mediterranean mountain. Science of The Total Environment, 902, 165911. https://doi.org/10.1016/j.scitotenv.2023.165911",Climate effect on the growth and hydraulic traits of two shrubs from the top of a Mediterranean mountain,10.1016/j.scitotenv.2023.165911,2023,Alpine vegetation,Mediterranean Basin,Climatic variation,"Growth, Physiology",8,10,5,6,6,1,18
98,"Ruiz-Benito, P., Madrigal-González, J., Ratcliffe, S., Coomes, D. A., Kändler, G., Lehtonen, A., Wirth, C., & Zavala, M. A. (2014). Stand Structure and Recent Climate Change Constrain Stand Basal Area Change in European Forests: A Comparison Across Boreal, Temperate, and Mediterranean Biomes. Ecosystems, 17(8), 1439–1454. https://doi.org/10.1007/s10021-014-9806-0","Stand Structure and Recent Climate Change Constrain Stand Basal Area Change in European Forests: A Comparison Across Boreal, Temperate, and Mediterranean Biomes",10.1007/s10021-014-9806-0,2014,Mixed forests,Mediterranean Basin,Climatic variation,Growth,7,8,4,4,6,1,15
99,"Ruiz-Benito, P., Ratcliffe, S., Zavala, M. A., Martínez-Vilalta, J., Vilà-Cabrera, A., Lloret, F., Madrigal-González, J., Wirth, C., Greenwood, S., Kändler, G., Lehtonen, A., Kattge, J., Dahlgren, J., & Jump, A. S. (2017). Climate- and successional-related changes in functional composition of European forests are strongly driven by tree mortality. Global Change Biology, 23(10), 4162–4176. https://doi.org/10.1111/gcb.13728",Climate- and successional-related changes in functional composition of European forests are strongly driven by tree mortality,10.1111/gcb.13728,2017,Mixed forests,Mediterranean Basin,Climatic variation,"Condition, Growth",7,8,4,4,6,1,15
100,"Ruthrof, K. X., Matusick, G., & Hardy, G. E. S. J. (2015). Early Differential Responses of Co-dominant Canopy Species to Sudden and Severe Drought in a Mediterranean-climate Type Forest. Forests, 6(6), Article 6. https://doi.org/10.3390/f6062082",Early Differential Responses of Co-dominant Canopy Species to Sudden and Severe Drought in a Mediterranean-climate Type Forest,10.3390/f6062082,2015,Northern Jarrah Forest (NJF),SW Australia,Drought,"Condition, Growth",3,4,3,1,3,0,7
101,"Saatkamp, A., Argagnon, O., Noble, V., Finocchiaro, M., & Meineri, E. (2023). Climate change impacts on Mediterranean vegetation are amplified at low altitudes. Global Ecology and Biogeography, 32(7), 1113–1126. https://doi.org/10.1111/geb.13682",Climate change impacts on Mediterranean vegetation are amplified at low altitudes,10.1111/geb.13682,2013,[all vegetation within SIMETHIS database for region of interest],Mediterranean Basin,Climatic variation,Diversity,6,9,4,5,6,0,15
102,"Santini, L., Craven, D., Rodriguez, D. R. O., Quintilhan, M. T., Gibson-Carpintero, S., Torres, C. A., Roig, F. A., Muñoz, A. A., & Venegas-Gonzalez, A. (2024). Extreme drought triggers parallel shifts in wood anatomical and physiological traits in upper treeline of the Mediterranean Andes. Ecological Processes, 13(1), 10. https://doi.org/10.1186/s13717-024-00486-9",Extreme drought triggers parallel shifts in wood anatomical and physiological traits in upper treeline of the Mediterranean Andes,10.1186/s13717-024-00486-9,2024,Semi-deciduous K. angustifolia woodland,Central Chile,Drought,"Growth, Physiology",8,9,5,5,6,1,17
103,"Sanz-Elorza, M., Dana, E. D., González, A., & Sobrino, E. (2003). Changes in the High‐mountain Vegetation of the Central Iberian Peninsula as a Probable Sign of Global Warming. Annals of Botany, 92(2), 273–280. https://doi.org/10.1093/aob/mcg130",Changes in the High‐mountain Vegetation of the Central Iberian Peninsula as a Probable Sign of Global Warming,10.1093/aob/mcg130,2003,Alpine and subalpine vegetation,Mediterranean Basin,Climatic variation,Growth,2,7,2,4,3,0,9
104,"Sarris, D., Christodoulakis, D., & Körner, C. (2011). Impact of recent climatic change on growth of low elevation eastern Mediterranean forest trees. Climatic Change, 106(2), 203–223. https://doi.org/10.1007/s10584-010-9901-y",Impact of recent climatic change on growth of low elevation eastern Mediterranean forest trees,10.1007/s10584-010-9901-y,2011,Dry habitat Pine forest,Mediterranean Basin,Climatic variation,Growth,6,10,3,6,6,1,16
105,"Saura-Mas, S., Bonas, A., & Lloret, F. (2015). Plant community response to drought-induced canopy defoliation in a Mediterranean Quercus ilex forest. European Journal of Forest Research, 134(2), 261–272. https://doi.org/10.1007/s10342-014-0848-9",Plant community response to drought-induced canopy defoliation in a Mediterranean Quercus ilex forest,10.1007/s10342-014-0848-9,2015,Holm-oak (Quercus ilex) forest,Mediterranean Basin,Drought,"Condition, Diversity, Growth",6,3,6,1,2,0,9
106,"Serra-Maluquer, X., Mencuccini, M., & Martínez-Vilalta, J. (2018). Changes in tree resistance, recovery and resilience across three successive extreme droughts in the northeast Iberian Peninsula. Oecologia, 187(1), 343–354. https://doi.org/10.1007/s00442-018-4118-2","Changes in tree resistance, recovery and resilience across three successive extreme droughts in the northeast Iberian Peninsula",10.1007/s00442-018-4118-2,2018,Pine forest,Mediterranean Basin,Drought,"Condition, Growth",7,9,4,5,6,1,16
107,"Shestakova, T. A., Gutiérrez, E., Kirdyanov, A. V., Camarero, J. J., Génova, M., Knorre, A. A., Linares, J. C., Resco de Dios, V., Sánchez-Salguero, R., & Voltas, J. (2016). Forests synchronize their growth in contrasting Eurasian regions in response to climate warming. Proceedings of the National Academy of Sciences, 113(3), 662–667. https://doi.org/10.1073/pnas.1514717113",Forests synchronize their growth in contrasting Eurasian regions in response to climate warming,10.1073/pnas.1514717113,2016,"Boreal forests (Siberia), Mediterranean forests (Spain)",Mediterranean Basin,Climatic variation,"Growth, Physiology",9,11,6,7,6,1,20
108,"Sicard, P., & Dalstein-Richier, L. (2015). Health and vitality assessment of two common pine species in the context of climate change in southern Europe. Environmental Research, 137, 235–245. https://doi.org/10.1016/j.envres.2014.12.025",Health and vitality assessment of two common pine species in the context of climate change in southern Europe,10.1016/j.envres.2014.12.025,2015,Temperate coniferous forest,Mediterranean Basin,"Climatic variation, High ground-level ozone concentration",Condition,7,6,4,3,5,1,13
109,"Slingsby, J. A., Merow, C., Aiello-Lammens, M., Allsopp, N., Hall, S., Kilroy Mollmann, H., Turner, R., Wilson, A. M., & Silander, J. A. (2017). Intensifying postfire weather and biological invasion drive species loss in a Mediterranean-type biodiversity hotspot. Proceedings of the National Academy of Sciences, 114(18), 4697–4702. https://doi.org/10.1073/pnas.1619014114",Intensifying postfire weather and biological invasion drive species loss in a Mediterranean-type biodiversity hotspot,10.1073/pnas.1619014114,2017,Fynbos,"CFR, South Africa","Climatic variation, Fire","Condition, Diversity",10,9,6,5,7,1,19
110,"Smithers, B. V., North, M. P., Millar, C. I., & Latimer, A. M. (2018). Leap frog in slow motion: Divergent responses of tree species and life stages to climatic warming in Great Basin subalpine forests. Global Change Biology, 24(2), e442–e457. https://doi.org/10.1111/gcb.13881",Leap frog in slow motion: Divergent responses of tree species and life stages to climatic warming in Great Basin subalpine forests,10.1111/gcb.13881,2018,Subalpine conifer forest,"California, USA",Climate variation,Growth,7,5,4,3,4,1,12
111,"Steel, E. J., Fontaine, J. B., Ruthrof, K. X., Burgess, T. I., & Hardy, G. E. St. J. (2019). Changes in structure of over- and midstory tree species in a Mediterranean-type forest after an extreme drought-associated heatwave. Austral Ecology, 44(8), 1438–1450. https://doi.org/10.1111/aec.12818",Changes in structure of over- and midstory tree species in a Mediterranean-type forest after an extreme drought-associated heatwave,10.1111/aec.12818,2019,NJF,SW Australia,Drought,Condition,4,5,4,2,3,0,9
112,"Stephenson, N. L., Das, A. J., Ampersee, N. J., Bulaon, B. M., & Yee, J. L. (2019). Which trees die during drought? The key role of insect host-tree selection. Journal of Ecology, 107(5), 2383–2401. https://doi.org/10.1111/1365-2745.13176",Which trees die during drought? The key role of insect host-tree selection,10.1111/1365-2745.13176,2019,Mixed conifer forest,"California, USA","Drought, Pathogen/Insect outbreak","Condition, Growth",5,5,4,2,4,0,10
113,"Storey, E. A., Stow, D. A., Roberts, D. A., O’Leary, J. F., & Davis, F. W. (2021). Evaluating Drought Impact on Postfire Recovery of Chaparral Across Southern California. Ecosystems, 24(4), 806–824. https://doi.org/10.1007/s10021-020-00551-2",Evaluating Drought Impact on Postfire Recovery of Chaparral Across Southern California,10.1007/s10021-020-00551-2,2021,Chaparral,"California, USA","Drought, Fire",Growth,6,8,4,4,6,0,14
114,"Stovall, A. E. L., Shugart, H., & Yang, X. (2019). Tree height explains mortality risk during an intense drought. Nature Communications, 10(1), Article 1. https://doi.org/10.1038/s41467-019-12380-6",Tree height explains mortality risk during an intense drought,10.1038/s41467-019-12380-6,2019,Mixed conifer forest,"California, USA",Drought,"Condition, Growth, Physiology",6,5,4,2,5,0,11
115,"Syphard, A. D., Brennan, T. J., & Keeley, J. E. (2019). Extent and drivers of vegetation type conversion in Southern California chaparral. Ecosphere, 10(7), e02796. https://doi.org/10.1002/ecs2.2796",Extent and drivers of vegetation type conversion in Southern California chaparral,10.1002/ecs2.2796,2019,Chaparral,"California, USA",Fire,Growth,8,7,4,5,5,1,15
116,"Tegel, W., Seim, A., Hakelberg, D., Hoffmann, S., Panev, M., Westphal, T., & Büntgen, U. (2014). A recent growth increase of European beech (Fagus sylvatica L.) at its Mediterranean distribution limit contradicts drought stress. European Journal of Forest Research, 133(1), 61–71. https://doi.org/10.1007/s10342-013-0737-7",A recent growth increase of European beech (Fagus sylvatica L.) at its Mediterranean distribution limit contradicts drought stress,10.1007/s10342-013-0737-7,2014,European beech forest,Mediterranean Basin,Drought,Growth,3,8,0,6,4,1,11
117,"Urrutia-Jalabert, R., Barichivich, J., Szejner, P., Rozas, V., & Lara, A. (2023). Ecophysiological Responses of Nothofagus obliqua Forests to Recent Climate Drying Across the Mediterranean-Temperate Biome Transition in South-Central Chile. Journal of Geophysical Research: Biogeosciences, 128(4), e2022JG007293. https://doi.org/10.1029/2022JG007293", Ecophysiological Responses of Nothofagus obliqua Forests to Recent Climate Drying Across the Mediterranean-Temperate Biome Transition in South-Central Chile,10.1029/2022JG007293,2023,Southern beech forest,Central Chile,"Climatic variation, Drought",Growth,6,8,3,6,4,1,14
118,"Vatandaşlar, C., Türkeş, M., Semerci, A., & Karahan, A. (2023). Analyzing climate-induced mortality of Taurus fir based on temporal forest management plans and climatic variations and droughts in the Central Mediterranean sub-region of Turkey. European Journal of Forest Research, 142(1), 61–89. https://doi.org/10.1007/s10342-022-01506-z",Analyzing climate-induced mortality of Taurus fir based on temporal forest management plans and climatic variations and droughts in the Central Mediterranean sub-region of Turkey,10.1007/s10342-022-01506-z,2023,Mixed forest,Mediterranean Basin,"Climatic variation, Drought",Growth,6,7,3,4,5,1,13
119,"Venegas-González, A., Juñent, F. R., Gutiérrez, A. G., & Filho, M. T. (2018). Recent radial growth decline in response to increased drought conditions in the northernmost Nothofagus populations from South America. Forest Ecology and Management, 409, 94–104. https://doi.org/10.1016/j.foreco.2017.11.006",Recent radial growth decline in response to increased drought conditions in the northernmost Nothofagus populations from South America,10.1016/j.foreco.2017.11.006,2018,N. macrocarpa forests from Mediterranean-type forests of central Chile (MFCC),Central Chile,"Climatic variation, Drought",Growth,6,10,3,7,5,1,16
120,"Venegas-González, A., Roig, F. A., Peña-Rojas, K., Hadad, M. A., Aguilera-Betti, I., & Muñoz, A. A. (2019). Recent Consequences of Climate Change Have Affected Tree Growth in Distinct Nothofagus macrocarpa (DC.) FM Vaz & Rodr Age Classes in Central Chile. Forests, 10(8), Article 8. https://doi.org/c",Recent Consequences of Climate Change Have Affected Tree Growth in Distinct Nothofagus macrocarpa (DC.) FM Vaz & Rodr Age Classes in Central Chile,10.3390/f10080653,2019,Mediterranean deciduous forests of Central Chile (MDFC),Central Chile,Climatic variation,Growth,9,9,6,7,4,1,18
121,"Versace, S., Gianelle, D., Garfì, V., Battipaglia, G., Lombardi, F., Marchetti, M., & Tognetti, R. (2020). Interannual radial growth sensitivity to climatic variations and extreme events in mixed-species and pure forest stands of silver fir and European beech in the Italian Peninsula. European Journal of Forest Research, 139(4), 627–645. https://doi.org/10.1007/s10342-020-01274-8",Interannual radial growth sensitivity to climatic variations and extreme events in mixed-species and pure forest stands of silver fir and European beech in the Italian Peninsula,10.1007/s10342-020-01274-8,2020,Fagus–Abies mixed forest,Mediterranean Basin,Climatic variation,Growth,8,8,5,6,4,1,16
122,"Vicente-Serrano, S. M., Zouber, A., Lasanta, T., & Pueyo, Y. (2012). Dryness is accelerating degradation of vulnerable shrublands in semiarid Mediterranean environments. Ecological Monographs, 82(4), 407–428. https://doi.org/10.1890/11-2164.1",Dryness is accelerating degradation of vulnerable shrublands in semiarid Mediterranean environments,10.1890/11-2164.1,2012,Gypsophilic shrubland,Mediterranean Basin,"Climatic variation, Drought","Growth, Physiology",7,7,4,3,6,1,14
123,"Walden, L. L., Fontaine, J. B., Ruthrof, K. X., Matusick, G., Harper, R. J., & Hardy, G. E. St. J. (2019). Carbon consequences of drought differ in forests that resprout. Global Change Biology, 25(5), 1653–1664. https://doi.org/10.1111/gcb.14589",Carbon consequences of drought differ in forests that resprout,10.1111/gcb.14589,2019,"Northern Jarrah Forest (NJF), dry sclerophyll forest",SW Australia,Drought,"Condition, Growth",4,5,4,2,3,0,9
124,"Walden, L., Fontaine, J. B., Ruthrof, K. X., Matusick, G., & Harper, R. J. (2023). Drought then wildfire reveals a compound disturbance in a resprouting forest. Ecological Applications, 33(2), e2775. https://doi.org/10.1002/eap.2775",Drought then wildfire reveals a compound disturbance in a resprouting forest,10.1002/eap.2775,2023,Dry sclerophyll forest,SW Australia,"Drought, Fire","Condition, Growth",6,4,4,1,5,0,10
125,"Werner, C. M., Harrison, S. P., Safford, H. D., Bohlman, G. N., & Serata, R. (2022). Extreme pre-fire drought decreases shrub regeneration on fertile soils. Ecological Applications, 32(1), e02464. https://doi.org/10.1002/eap.2464",Extreme pre-fire drought decreases shrub regeneration on fertile soils,10.1002/eap.2464,2022,Chaparral (serpentine and sandstone),"California, USA","Drought, Fire","Condition, Diversity, Growth",7,7,6,3,5,0,14
126,"White, J. D. M., Jack, S. L., Hoffman, M. T., Puttick, J., Bonora, D., Visser, V., & February, E. C. (2016). Collapse of an iconic conifer: Long-term changes in the demography of Widdringtonia cedarbergensis using repeat photography. BMC Ecology, 16(1), 53. https://doi.org/10.1186/s12898-016-0108-6",Collapse of an iconic conifer: long-term changes in the demography of Widdringtonia cedarbergensis using repeat photography,10.1186/s12898-016-0108-6,2016,Fynbos,"CFR, South Africa","Fire, Anthropogenic, Climatic variation","Condition, Growth",7,9,3,5,7,1,16
127,"Williams, T. M., Schlichting, C. D., & Holsinger, K. E. (2021). Herbarium records demonstrate changes in flowering phenology associated with climate change over the past century within the Cape Floristic Region, South Africa. Climate Change Ecology, 1, 100006. https://doi.org/10.1016/j.ecochg.2021.100006","Herbarium records demonstrate changes in flowering phenology associated with climate change over the past century within the Cape Floristic Region, South Africa",10.1016/j.ecochg.2021.100006,2021,Fynbos,"CFR, South Africa",Climatic variation,Phenology,6,10,3,6,6,1,16
128,"Young, D. J. N., Stevens, J. T., Earles, J. M., Moore, J., Ellis, A., Jirka, A. L., & Latimer, A. M. (2017). Long-term climate and competition explain forest mortality patterns under extreme drought. Ecology Letters, 20(1), 78–86. https://doi.org/10.1111/ele.12711",Long-term climate and competition explain forest mortality patterns under extreme drought,10.1111/ele.12711,2017,Mixed forests,"California, USA","Climatic variation, Drought","Condition, Growth",6,7,3,3,6,1,13
129,"Zhou, S., Wu, S., Gao, J., Liu, L., Li, D., Yan, R., & Wang, J. (2024). Increased stress from compound drought and heat events on vegetation. Science of The Total Environment, 949, 175113. https://doi.org/10.1016/j.scitotenv.2024.175113",Increased stress from compound drought and heat events on vegetation,10.1016/j.scitotenv.2024.175113,2024,"Multiple [Evergreen needleleaf forest, Evergreen broadleaf forest, Deciduous needleleaf forest, Deciduous broadleaf forest, Mixed forest, Open shrublands, Woody savanna, Savanna, Grassland, Permanent wetlands, Croplands]",Mediterranean Basin,"Climatic variation, Drought",Growth,6,10,3,6,6,1,16
